title,type,genre,rating,release_year,duration
Show_0,Movie,Horror Movies,R,1998,30 min
Show_1,TV Show,Unknown,TV-Y7,2013,45 min
Show_2,TV Show,Horror Movies,TV-14,2006,30 min
Show_3,Movie,Children & Family Movies,TV-Y,2013,60 min
Show_4,Movie,Unknown,PG,2010,120 min
Show_5,Movie,Thrillers,TV-PG,2002,30 min
Show_6,Movie,Children & Family Movies,PG-13,2000,60 min
Show_7,TV Show,Romantic Movies,TV-PG,2008,60 min
Show_8,Movie,Romantic Movies,TV-Y,2000,60 min
Show_9,TV Show,Horror Movies,PG-13,2002,60 min
Show_10,Movie,Sci-Fi & Fantasy,TV-Y,1990,45 min
Show_11,TV Show,Comedies,PG-13,2008,60 min
Show_12,TV Show,Sci-Fi & Fantasy,TV-PG,2001,45 min
Show_13,Movie,Stand-Up Comedy,PG-13,1997,45 min
Show_14,Movie,Sci-Fi & Fantasy,PG-13,1997,60 min
Show_15,Movie,Stand-Up Comedy,TV-14,2001,120 min
Show_16,Movie,Stand-Up Comedy,R,2022,60 min
Show_17,Movie,Thrillers,R,2015,60 min
Show_18,Movie,"Dramas, International Movies",PG,2017,60 min
Show_19,Movie,Thrillers,PG,1994,120 min
Show_20,Movie,Stand-Up Comedy,TV-Y7,1997,90 min
Show_21,Movie,Children & Family Movies,Unknown,2014,90 min
Show_22,Movie,Romantic Movies,TV-Y7,2016,45 min
Show_23,Movie,Stand-Up Comedy,TV-14,2012,45 min
Show_24,Movie,Thrillers,PG,2019,120 min
Show_25,TV Show,Children & Family Movies,TV-Y,2012,30 min
Show_26,Movie,Thrillers,TV-Y7,2009,90 min
Show_27,Movie,Sci-Fi & Fantasy,TV-Y7,2007,45 min
Show_28,Movie,"Action, Adventure",TV-PG,2007,90 min
Show_29,Movie,Horror Movies,TV-MA,1991,120 min
Show_30,Movie,Comedies,Unknown,1993,120 min
Show_31,Movie,Thrillers,TV-Y7,2019,30 min
Show_32,Movie,Comedies,TV-Y7,2022,30 min
Show_33,TV Show,Documentaries,TV-Y7,2007,120 min
Show_34,TV Show,Thrillers,TV-MA,2008,45 min
Show_35,TV Show,"Action, Adventure",TV-MA,2017,90 min
Show_36,Movie,Comedies,TV-14,2009,60 min
Show_37,Movie,Stand-Up Comedy,TV-Y,2022,30 min
Show_38,Movie,Thrillers,TV-14,2001,60 min
Show_39,Movie,"Dramas, International Movies",PG-13,2004,45 min
Show_40,Movie,Horror Movies,TV-MA,1991,30 min
Show_41,Movie,"Action, Adventure",TV-PG,2018,60 min
Show_42,Movie,Comedies,PG,1999,45 min
Show_43,TV Show,"Action, Adventure",TV-PG,1991,90 min
Show_44,Movie,Children & Family Movies,PG,2000,45 min
Show_45,Movie,Horror Movies,TV-MA,2002,30 min
Show_46,Movie,Stand-Up Comedy,TV-MA,1999,120 min
Show_47,Movie,Thrillers,TV-MA,2003,90 min
Show_48,Movie,Thrillers,TV-14,2007,60 min
Show_49,Movie,Thrillers,TV-Y,1998,30 min
Show_50,TV Show,Horror Movies,PG,2017,120 min
Show_51,TV Show,"Dramas, International Movies",TV-Y,1992,45 min
Show_52,TV Show,Documentaries,Unknown,2009,120 min
Show_53,TV Show,Romantic Movies,TV-14,1995,30 min
Show_54,Movie,Sci-Fi & Fantasy,R,2016,30 min
Show_55,TV Show,Comedies,TV-PG,1991,120 min
Show_56,Movie,"Dramas, International Movies",TV-PG,2018,45 min
Show_57,Movie,Stand-Up Comedy,PG-13,1992,120 min
Show_58,Movie,Comedies,TV-Y7,2005,30 min
Show_59,Movie,Thrillers,Unknown,2019,30 min
Show_60,Movie,"Action, Adventure",PG,1991,60 min
Show_61,Movie,Stand-Up Comedy,R,2006,60 min
Show_62,TV Show,Comedies,R,2001,90 min
Show_63,Movie,Thrillers,Unknown,1990,30 min
Show_64,Movie,Comedies,TV-Y,2004,60 min
Show_65,Movie,"Action, Adventure",TV-Y7,2015,120 min
Show_66,Movie,Thrillers,TV-Y7,2010,45 min
Show_67,TV Show,Documentaries,TV-Y7,2020,120 min
Show_68,Movie,"Dramas, International Movies",TV-PG,2014,45 min
Show_69,TV Show,Children & Family Movies,TV-14,2012,60 min
Show_70,TV Show,Sci-Fi & Fantasy,PG-13,2013,90 min
Show_71,Movie,Horror Movies,TV-14,2017,120 min
Show_72,Movie,Sci-Fi & Fantasy,TV-Y,2010,120 min
Show_73,TV Show,Stand-Up Comedy,TV-MA,2007,120 min
Show_74,TV Show,Sci-Fi & Fantasy,TV-Y7,1998,45 min
Show_75,TV Show,Thrillers,TV-14,2019,60 min
Show_76,TV Show,Documentaries,TV-Y,2021,120 min
Show_77,Movie,Children & Family Movies,TV-MA,1992,120 min
Show_78,Movie,"Dramas, International Movies",TV-MA,1992,90 min
Show_79,Movie,"Dramas, International Movies",TV-Y7,2017,90 min
Show_80,TV Show,"Action, Adventure",PG-13,2004,60 min
Show_81,Movie,Horror Movies,PG,2012,60 min
Show_82,Movie,Comedies,TV-PG,2000,30 min
Show_83,Movie,Documentaries,TV-14,2021,90 min
Show_84,Movie,Comedies,TV-MA,2022,30 min
Show_85,Movie,Children & Family Movies,TV-14,2013,45 min
Show_86,TV Show,Sci-Fi & Fantasy,PG,2017,30 min
Show_87,Movie,"Dramas, International Movies",TV-PG,1996,120 min
Show_88,TV Show,Children & Family Movies,Unknown,1993,30 min
Show_89,Movie,Sci-Fi & Fantasy,TV-PG,1990,60 min
Show_90,Movie,"Dramas, International Movies",Unknown,1990,45 min
Show_91,TV Show,Sci-Fi & Fantasy,TV-PG,2009,120 min
Show_92,TV Show,Horror Movies,TV-Y7,2008,30 min
Show_93,Movie,Documentaries,PG-13,2018,45 min
Show_94,TV Show,Stand-Up Comedy,PG,1999,45 min
Show_95,Movie,Children & Family Movies,TV-MA,2007,120 min
Show_96,Movie,Children & Family Movies,TV-Y7,2017,30 min
Show_97,Movie,Romantic Movies,R,2020,45 min
Show_98,Movie,Thrillers,PG-13,2016,45 min
Show_99,Movie,Horror Movies,TV-14,2000,90 min
Show_100,Movie,Horror Movies,TV-Y7,1994,45 min
Show_101,Movie,Comedies,PG,1997,90 min
Show_102,Movie,Sci-Fi & Fantasy,TV-Y,2001,30 min
Show_103,Movie,Thrillers,TV-Y,1990,30 min
Show_104,TV Show,Documentaries,TV-MA,2020,30 min
Show_105,Movie,Documentaries,TV-PG,1993,60 min
Show_106,Movie,Horror Movies,TV-MA,1994,30 min
Show_107,TV Show,Documentaries,TV-Y,2019,45 min
Show_108,Movie,Romantic Movies,TV-14,2013,120 min
Show_109,Movie,Children & Family Movies,R,1992,90 min
Show_110,Movie,"Action, Adventure",Unknown,2000,60 min
Show_111,Movie,Stand-Up Comedy,PG,1993,30 min
Show_112,TV Show,Comedies,R,2015,30 min
Show_113,TV Show,Sci-Fi & Fantasy,PG,2016,120 min
Show_114,Movie,Stand-Up Comedy,TV-Y7,2016,120 min
Show_115,TV Show,Sci-Fi & Fantasy,PG,1995,60 min
Show_116,TV Show,"Dramas, International Movies",TV-Y7,2004,90 min
Show_117,Movie,Stand-Up Comedy,PG,2019,30 min
Show_118,TV Show,Unknown,TV-Y,2012,60 min
Show_119,Movie,Unknown,TV-Y,1995,45 min
Show_120,TV Show,Romantic Movies,TV-PG,1993,45 min
Show_121,TV Show,Children & Family Movies,TV-Y7,2007,60 min
Show_122,Movie,Children & Family Movies,PG-13,1998,30 min
Show_123,Movie,Romantic Movies,TV-Y7,2018,60 min
Show_124,Movie,Thrillers,PG,2002,30 min
Show_125,Movie,"Dramas, International Movies",PG,2006,120 min
Show_126,TV Show,Sci-Fi & Fantasy,PG-13,2021,60 min
Show_127,TV Show,"Action, Adventure",TV-MA,2011,30 min
Show_128,Movie,Documentaries,PG,1993,60 min
Show_129,Movie,Stand-Up Comedy,TV-PG,1994,60 min
Show_130,Movie,"Dramas, International Movies",R,2002,30 min
Show_131,Movie,Stand-Up Comedy,R,2011,30 min
Show_132,Movie,"Action, Adventure",TV-14,2012,90 min
Show_133,Movie,Comedies,TV-14,1992,60 min
Show_134,TV Show,Comedies,R,2021,45 min
Show_135,Movie,"Dramas, International Movies",R,2010,60 min
Show_136,Movie,Horror Movies,TV-Y,2010,60 min
Show_137,TV Show,Unknown,TV-PG,2000,30 min
Show_138,Movie,"Action, Adventure",PG-13,1993,60 min
Show_139,TV Show,Romantic Movies,TV-14,1990,60 min
Show_140,TV Show,Horror Movies,TV-Y,2017,45 min
Show_141,Movie,Sci-Fi & Fantasy,TV-Y,2013,30 min
Show_142,Movie,Sci-Fi & Fantasy,PG-13,2002,60 min
Show_143,Movie,Documentaries,TV-Y,2000,120 min
Show_144,Movie,Unknown,TV-Y7,2006,90 min
Show_145,Movie,Comedies,TV-PG,2007,45 min
Show_146,Movie,Sci-Fi & Fantasy,R,2011,60 min
Show_147,Movie,Horror Movies,PG,2013,120 min
Show_148,Movie,"Action, Adventure",PG-13,2008,60 min
Show_149,Movie,Sci-Fi & Fantasy,R,2010,60 min
Show_150,TV Show,"Action, Adventure",R,1997,30 min
Show_151,Movie,Sci-Fi & Fantasy,TV-MA,2017,30 min
Show_152,Movie,Comedies,TV-Y7,1994,30 min
Show_153,Movie,Stand-Up Comedy,PG-13,2006,120 min
Show_154,TV Show,Sci-Fi & Fantasy,TV-Y,2008,60 min
Show_155,Movie,Horror Movies,PG,2016,90 min
Show_156,Movie,Sci-Fi & Fantasy,PG-13,2000,45 min
Show_157,TV Show,Children & Family Movies,TV-Y,2001,30 min
Show_158,Movie,Comedies,R,2010,30 min
Show_159,TV Show,Horror Movies,PG,2000,60 min
Show_160,Movie,Romantic Movies,TV-Y,2017,60 min
Show_161,Movie,Horror Movies,TV-PG,1994,120 min
Show_162,Movie,Children & Family Movies,TV-Y,2006,120 min
Show_163,Movie,Stand-Up Comedy,TV-MA,2009,30 min
Show_164,Movie,Comedies,TV-Y7,2001,60 min
Show_165,TV Show,Romantic Movies,R,1995,90 min
Show_166,Movie,Children & Family Movies,TV-Y,2006,45 min
Show_167,Movie,Children & Family Movies,TV-Y7,2008,60 min
Show_168,Movie,"Dramas, International Movies",TV-14,2015,60 min
Show_169,Movie,Comedies,TV-14,2021,120 min
Show_170,Movie,Horror Movies,TV-Y7,1995,45 min
Show_171,Movie,"Action, Adventure",TV-Y7,2000,30 min
Show_172,Movie,Stand-Up Comedy,TV-MA,2022,60 min
Show_173,Movie,"Action, Adventure",TV-PG,2013,30 min
Show_174,Movie,Horror Movies,R,2012,60 min
Show_175,Movie,Horror Movies,PG-13,2004,30 min
Show_176,Movie,Comedies,TV-MA,2016,45 min
Show_177,Movie,Horror Movies,TV-PG,2000,120 min
Show_178,TV Show,"Dramas, International Movies",TV-Y7,2006,45 min
Show_179,Movie,Romantic Movies,PG-13,2003,90 min
Show_180,Movie,Horror Movies,TV-Y7,2016,120 min
Show_181,Movie,"Action, Adventure",TV-Y7,2007,45 min
Show_182,TV Show,Horror Movies,TV-14,2017,90 min
Show_183,TV Show,"Dramas, International Movies",TV-14,1993,60 min
Show_184,Movie,Sci-Fi & Fantasy,PG-13,1996,60 min
Show_185,Movie,Sci-Fi & Fantasy,TV-MA,1998,30 min
Show_186,TV Show,Children & Family Movies,TV-14,1997,120 min
Show_187,Movie,Stand-Up Comedy,R,2006,60 min
Show_188,Movie,Documentaries,TV-Y7,2006,120 min
Show_189,Movie,Romantic Movies,PG,2022,60 min
Show_190,Movie,Thrillers,TV-Y,2021,30 min
Show_191,TV Show,Children & Family Movies,PG-13,1997,45 min
Show_192,TV Show,Stand-Up Comedy,PG-13,2008,30 min
Show_193,Movie,Sci-Fi & Fantasy,TV-14,1992,90 min
Show_194,Movie,"Action, Adventure",TV-MA,1994,60 min
Show_195,Movie,Thrillers,TV-Y7,2002,90 min
Show_196,TV Show,Stand-Up Comedy,R,2020,90 min
Show_197,TV Show,Stand-Up Comedy,TV-MA,2005,120 min
Show_198,TV Show,Children & Family Movies,TV-PG,2021,60 min
Show_199,TV Show,Thrillers,TV-PG,2011,90 min
Show_200,Movie,Comedies,PG,2018,45 min
Show_201,Movie,Documentaries,TV-14,2011,90 min
Show_202,Movie,Comedies,TV-14,1992,45 min
Show_203,TV Show,Thrillers,TV-14,1999,120 min
Show_204,Movie,Comedies,PG,2010,90 min
Show_205,Movie,"Dramas, International Movies",TV-PG,2005,30 min
Show_206,Movie,Sci-Fi & Fantasy,TV-MA,2001,120 min
Show_207,Movie,"Dramas, International Movies",PG,1991,45 min
Show_208,Movie,Horror Movies,PG,2013,120 min
Show_209,Movie,Comedies,TV-MA,2019,90 min
Show_210,Movie,Horror Movies,TV-14,2019,60 min
Show_211,Movie,"Action, Adventure",R,2008,60 min
Show_212,Movie,Romantic Movies,TV-MA,1997,45 min
Show_213,Movie,"Action, Adventure",TV-PG,2015,45 min
Show_214,TV Show,Thrillers,PG-13,1996,60 min
Show_215,Movie,Stand-Up Comedy,TV-Y7,2019,45 min
Show_216,Movie,Sci-Fi & Fantasy,Unknown,1996,120 min
Show_217,TV Show,Unknown,TV-Y,1992,30 min
Show_218,Movie,Children & Family Movies,TV-Y,1990,30 min
Show_219,TV Show,Romantic Movies,PG,2014,120 min
Show_220,Movie,Documentaries,TV-Y7,1990,30 min
Show_221,Movie,Documentaries,Unknown,2004,90 min
Show_222,Movie,Documentaries,R,2002,120 min
Show_223,Movie,Comedies,TV-14,1997,45 min
Show_224,Movie,Documentaries,TV-PG,1994,120 min
Show_225,Movie,"Dramas, International Movies",TV-Y,1998,60 min
Show_226,TV Show,Romantic Movies,R,1990,45 min
Show_227,Movie,"Dramas, International Movies",TV-PG,1991,60 min
Show_228,TV Show,Stand-Up Comedy,TV-PG,2012,45 min
Show_229,Movie,Romantic Movies,Unknown,1998,30 min
Show_230,TV Show,Unknown,TV-Y7,2003,120 min
Show_231,Movie,Romantic Movies,PG,1993,90 min
Show_232,Movie,Stand-Up Comedy,PG-13,2019,45 min
Show_233,Movie,Horror Movies,TV-14,2020,45 min
Show_234,Movie,Comedies,Unknown,2000,60 min
Show_235,TV Show,Comedies,PG,1997,30 min
Show_236,Movie,Documentaries,R,1992,60 min
Show_237,Movie,Unknown,PG,2003,60 min
Show_238,Movie,Documentaries,TV-Y7,2002,30 min
Show_239,Movie,Thrillers,TV-Y,2021,90 min
Show_240,TV Show,"Dramas, International Movies",R,2008,60 min
Show_241,TV Show,Romantic Movies,TV-14,2005,60 min
Show_242,TV Show,"Action, Adventure",Unknown,1991,45 min
Show_243,Movie,Stand-Up Comedy,PG,2006,30 min
Show_244,Movie,Thrillers,TV-PG,2005,120 min
Show_245,TV Show,Stand-Up Comedy,TV-PG,1991,90 min
Show_246,Movie,Comedies,TV-MA,1991,90 min
Show_247,TV Show,Unknown,R,2015,30 min
Show_248,TV Show,Documentaries,TV-PG,2002,45 min
Show_249,TV Show,"Dramas, International Movies",TV-MA,2020,45 min
Show_250,Movie,"Action, Adventure",TV-Y,1992,30 min
Show_251,Movie,Sci-Fi & Fantasy,TV-Y,1997,45 min
Show_252,TV Show,Thrillers,TV-PG,2012,90 min
Show_253,Movie,Unknown,R,2003,90 min
Show_254,Movie,Documentaries,PG,2016,120 min
Show_255,Movie,Comedies,PG-13,2018,30 min
Show_256,TV Show,Documentaries,TV-Y7,1990,60 min
Show_257,Movie,Romantic Movies,R,2006,60 min
Show_258,Movie,"Action, Adventure",TV-Y7,2019,120 min
Show_259,Movie,"Dramas, International Movies",TV-14,2002,120 min
Show_260,Movie,Horror Movies,TV-Y,2010,45 min
Show_261,TV Show,Children & Family Movies,TV-PG,2008,120 min
Show_262,Movie,Children & Family Movies,TV-PG,2008,120 min
Show_263,Movie,Documentaries,TV-Y7,2014,60 min
Show_264,TV Show,Romantic Movies,PG,2011,45 min
Show_265,TV Show,"Action, Adventure",TV-Y7,2020,120 min
Show_266,Movie,Sci-Fi & Fantasy,TV-14,2006,120 min
Show_267,TV Show,Children & Family Movies,PG,2012,45 min
Show_268,Movie,"Action, Adventure",TV-14,2021,30 min
Show_269,Movie,"Dramas, International Movies",PG-13,1999,45 min
Show_270,TV Show,Stand-Up Comedy,TV-Y,1999,60 min
Show_271,TV Show,Romantic Movies,TV-PG,1997,30 min
Show_272,TV Show,Comedies,TV-PG,2009,90 min
Show_273,TV Show,"Action, Adventure",PG-13,2021,45 min
Show_274,Movie,"Dramas, International Movies",TV-MA,2003,60 min
Show_275,Movie,Sci-Fi & Fantasy,TV-Y,2017,30 min
Show_276,TV Show,Unknown,Unknown,2013,45 min
Show_277,Movie,Comedies,PG-13,2004,120 min
Show_278,TV Show,Horror Movies,PG,2011,45 min
Show_279,TV Show,Unknown,Unknown,2019,90 min
Show_280,TV Show,"Dramas, International Movies",R,1993,45 min
Show_281,Movie,Children & Family Movies,TV-PG,2002,30 min
Show_282,Movie,Horror Movies,PG,2012,30 min
Show_283,Movie,Comedies,TV-14,1997,45 min
Show_284,Movie,Documentaries,PG,2007,30 min
Show_285,Movie,Unknown,R,2001,120 min
Show_286,Movie,"Action, Adventure",TV-Y,2020,45 min
Show_287,Movie,Children & Family Movies,Unknown,2003,120 min
Show_288,Movie,Horror Movies,TV-Y7,2007,120 min
Show_289,Movie,Stand-Up Comedy,Unknown,2000,60 min
Show_290,Movie,"Action, Adventure",Unknown,2001,45 min
Show_291,Movie,Documentaries,R,2004,30 min
Show_292,TV Show,Unknown,TV-PG,2020,120 min
Show_293,Movie,Thrillers,PG,2018,60 min
Show_294,Movie,"Dramas, International Movies",TV-Y,2015,45 min
Show_295,Movie,Documentaries,TV-MA,2007,45 min
Show_296,TV Show,Documentaries,TV-Y,2021,90 min
Show_297,Movie,Sci-Fi & Fantasy,TV-MA,2011,90 min
Show_298,Movie,Romantic Movies,TV-14,2006,120 min
Show_299,Movie,Unknown,TV-Y,2012,90 min
Show_300,Movie,Romantic Movies,TV-PG,2013,120 min
Show_301,Movie,Romantic Movies,TV-MA,1997,30 min
Show_302,Movie,Children & Family Movies,PG-13,1995,120 min
Show_303,Movie,Children & Family Movies,TV-PG,1994,90 min
Show_304,TV Show,Comedies,PG-13,2018,30 min
Show_305,TV Show,Horror Movies,TV-Y,2017,90 min
Show_306,Movie,Horror Movies,PG-13,2000,120 min
Show_307,Movie,"Dramas, International Movies",TV-MA,1990,60 min
Show_308,TV Show,Horror Movies,TV-PG,2008,45 min
Show_309,Movie,Children & Family Movies,PG,1998,90 min
Show_310,Movie,Comedies,R,2016,120 min
Show_311,Movie,Comedies,TV-MA,1993,30 min
Show_312,Movie,Romantic Movies,TV-MA,2007,90 min
Show_313,TV Show,Sci-Fi & Fantasy,PG,2004,90 min
Show_314,TV Show,"Dramas, International Movies",TV-PG,2002,45 min
Show_315,Movie,Romantic Movies,TV-PG,2008,120 min
Show_316,Movie,Sci-Fi & Fantasy,TV-Y7,1995,60 min
Show_317,Movie,Horror Movies,TV-Y,2001,30 min
Show_318,Movie,Romantic Movies,PG-13,2006,120 min
Show_319,Movie,"Action, Adventure",TV-Y,2012,30 min
Show_320,Movie,Horror Movies,PG,2015,90 min
Show_321,TV Show,Sci-Fi & Fantasy,TV-Y,2018,45 min
Show_322,Movie,"Dramas, International Movies",PG,2022,45 min
Show_323,Movie,Sci-Fi & Fantasy,TV-PG,2016,60 min
Show_324,TV Show,Romantic Movies,PG-13,2014,45 min
Show_325,TV Show,Romantic Movies,TV-Y,1999,90 min
Show_326,Movie,Documentaries,TV-MA,2012,60 min
Show_327,Movie,"Dramas, International Movies",TV-14,2010,120 min
Show_328,Movie,Stand-Up Comedy,TV-Y7,2010,45 min
Show_329,Movie,Horror Movies,R,2002,60 min
Show_330,Movie,Comedies,TV-MA,2022,90 min
Show_331,TV Show,Unknown,TV-PG,2013,30 min
Show_332,Movie,Comedies,R,2000,30 min
Show_333,Movie,"Dramas, International Movies",TV-14,2006,90 min
Show_334,Movie,Unknown,Unknown,1993,90 min
Show_335,Movie,Sci-Fi & Fantasy,PG-13,2014,30 min
Show_336,TV Show,"Dramas, International Movies",R,2019,60 min
Show_337,TV Show,Documentaries,PG-13,1998,30 min
Show_338,Movie,Stand-Up Comedy,TV-MA,2010,90 min
Show_339,Movie,Romantic Movies,PG,2009,45 min
Show_340,Movie,Unknown,PG,2008,120 min
Show_341,Movie,Comedies,PG,2008,45 min
Show_342,Movie,Romantic Movies,R,2001,45 min
Show_343,Movie,Thrillers,PG,2006,90 min
Show_344,Movie,Stand-Up Comedy,TV-MA,2017,30 min
Show_345,Movie,Stand-Up Comedy,PG-13,2007,60 min
Show_346,Movie,Comedies,R,2003,45 min
Show_347,Movie,Comedies,PG-13,1996,30 min
Show_348,Movie,Stand-Up Comedy,R,2002,60 min
Show_349,Movie,Unknown,PG-13,2007,45 min
Show_350,Movie,"Dramas, International Movies",TV-14,2002,60 min
Show_351,TV Show,Horror Movies,PG-13,2020,30 min
Show_352,Movie,"Action, Adventure",PG,1991,120 min
Show_353,Movie,Romantic Movies,TV-14,2005,30 min
Show_354,Movie,Sci-Fi & Fantasy,PG-13,1998,90 min
Show_355,Movie,Romantic Movies,R,1998,60 min
Show_356,Movie,Sci-Fi & Fantasy,R,2000,120 min
Show_357,Movie,Thrillers,TV-Y7,2011,60 min
Show_358,TV Show,Sci-Fi & Fantasy,R,2022,60 min
Show_359,Movie,Comedies,TV-PG,2012,45 min
Show_360,Movie,Horror Movies,TV-MA,1998,90 min
Show_361,Movie,Horror Movies,R,2013,60 min
Show_362,Movie,Comedies,TV-14,1997,30 min
Show_363,Movie,Documentaries,TV-Y7,1996,30 min
Show_364,TV Show,Thrillers,R,2007,45 min
Show_365,Movie,Documentaries,TV-PG,1992,90 min
Show_366,TV Show,Documentaries,PG,2017,90 min
Show_367,TV Show,Romantic Movies,TV-14,1995,30 min
Show_368,Movie,Stand-Up Comedy,TV-PG,2010,120 min
Show_369,Movie,Romantic Movies,PG,2017,45 min
Show_370,Movie,Stand-Up Comedy,TV-Y,1990,45 min
Show_371,Movie,"Action, Adventure",TV-Y,2010,30 min
Show_372,Movie,Sci-Fi & Fantasy,TV-14,2002,30 min
Show_373,Movie,Stand-Up Comedy,PG-13,1999,120 min
Show_374,Movie,Comedies,TV-MA,1999,120 min
Show_375,Movie,Romantic Movies,TV-Y7,2002,90 min
Show_376,TV Show,Thrillers,TV-MA,2013,45 min
Show_377,Movie,Sci-Fi & Fantasy,TV-PG,1991,45 min
Show_378,TV Show,"Action, Adventure",PG,2011,30 min
Show_379,Movie,Stand-Up Comedy,TV-MA,2006,90 min
Show_380,Movie,"Action, Adventure",PG,2003,45 min
Show_381,Movie,Thrillers,PG,1999,90 min
Show_382,Movie,Documentaries,TV-PG,2014,90 min
Show_383,TV Show,Horror Movies,TV-PG,1992,30 min
Show_384,TV Show,Thrillers,TV-PG,2006,90 min
Show_385,TV Show,Children & Family Movies,TV-MA,2001,120 min
Show_386,Movie,Thrillers,TV-Y,2013,120 min
Show_387,Movie,"Action, Adventure",TV-PG,2018,60 min
Show_388,TV Show,Comedies,TV-Y7,2014,30 min
Show_389,TV Show,Romantic Movies,TV-MA,2015,60 min
Show_390,TV Show,Comedies,TV-PG,1990,120 min
Show_391,Movie,"Action, Adventure",R,2009,60 min
Show_392,Movie,Romantic Movies,PG,2017,30 min
Show_393,TV Show,Children & Family Movies,TV-Y7,2005,30 min
Show_394,Movie,Horror Movies,TV-PG,2006,90 min
Show_395,TV Show,Sci-Fi & Fantasy,TV-14,2017,45 min
Show_396,TV Show,"Action, Adventure",PG,2001,90 min
Show_397,Movie,Stand-Up Comedy,PG,2016,30 min
Show_398,TV Show,"Action, Adventure",TV-PG,2019,120 min
Show_399,TV Show,"Action, Adventure",TV-Y,1995,120 min
Show_400,Movie,Romantic Movies,PG-13,1996,90 min
Show_401,TV Show,"Dramas, International Movies",TV-Y,2021,30 min
Show_402,Movie,Thrillers,TV-PG,2021,120 min
Show_403,TV Show,"Dramas, International Movies",PG,2014,30 min
Show_404,Movie,Children & Family Movies,TV-Y7,2022,120 min
Show_405,TV Show,Stand-Up Comedy,Unknown,1996,30 min
Show_406,Movie,Horror Movies,TV-Y7,2001,60 min
Show_407,Movie,Documentaries,TV-Y7,2005,30 min
Show_408,TV Show,Children & Family Movies,PG,2005,30 min
Show_409,Movie,Documentaries,TV-Y,2002,90 min
Show_410,Movie,Documentaries,TV-14,1996,60 min
Show_411,TV Show,Horror Movies,TV-MA,1998,45 min
Show_412,TV Show,Comedies,R,2021,90 min
Show_413,Movie,"Dramas, International Movies",PG,2000,45 min
Show_414,Movie,"Action, Adventure",TV-PG,1997,120 min
Show_415,Movie,Sci-Fi & Fantasy,TV-MA,2022,45 min
Show_416,Movie,Documentaries,R,2012,30 min
Show_417,Movie,Stand-Up Comedy,Unknown,2014,45 min
Show_418,Movie,Children & Family Movies,TV-Y7,1997,90 min
Show_419,TV Show,Comedies,PG-13,2011,90 min
Show_420,TV Show,Documentaries,TV-PG,1993,45 min
Show_421,TV Show,Comedies,TV-14,1992,90 min
Show_422,Movie,Comedies,TV-14,2018,90 min
Show_423,Movie,Unknown,PG-13,2018,45 min
Show_424,Movie,Romantic Movies,Unknown,2017,60 min
Show_425,Movie,Thrillers,R,2002,60 min
Show_426,Movie,Stand-Up Comedy,TV-PG,2004,120 min
Show_427,TV Show,"Action, Adventure",TV-14,2012,90 min
Show_428,Movie,"Action, Adventure",TV-MA,2015,45 min
Show_429,Movie,Stand-Up Comedy,PG-13,1993,90 min
Show_430,Movie,Romantic Movies,TV-Y,2015,30 min
Show_431,TV Show,"Action, Adventure",PG,1998,90 min
Show_432,Movie,Comedies,TV-Y,1994,90 min
Show_433,Movie,Horror Movies,TV-Y,2021,60 min
Show_434,Movie,Children & Family Movies,TV-14,2009,45 min
Show_435,TV Show,"Dramas, International Movies",TV-Y7,2000,90 min
Show_436,Movie,"Action, Adventure",TV-Y7,2004,60 min
Show_437,TV Show,Stand-Up Comedy,PG-13,2021,120 min
Show_438,TV Show,Horror Movies,Unknown,2017,60 min
Show_439,Movie,Documentaries,TV-Y7,2011,60 min
Show_440,Movie,Thrillers,TV-Y,2006,60 min
Show_441,TV Show,Stand-Up Comedy,TV-Y7,2015,90 min
Show_442,Movie,Comedies,TV-Y,1996,90 min
Show_443,Movie,Thrillers,R,2015,120 min
Show_444,TV Show,Children & Family Movies,TV-14,2014,30 min
Show_445,TV Show,Unknown,TV-14,1999,30 min
Show_446,TV Show,Romantic Movies,TV-PG,2008,30 min
Show_447,TV Show,Sci-Fi & Fantasy,Unknown,2000,120 min
Show_448,Movie,Romantic Movies,TV-Y7,2002,30 min
Show_449,Movie,Horror Movies,PG,1997,30 min
Show_450,TV Show,Thrillers,TV-MA,1993,60 min
Show_451,Movie,Unknown,R,2020,90 min
Show_452,Movie,Documentaries,TV-14,2017,90 min
Show_453,TV Show,Comedies,R,2000,60 min
Show_454,Movie,Thrillers,TV-14,1990,60 min
Show_455,Movie,Romantic Movies,R,2013,60 min
Show_456,Movie,"Dramas, International Movies",PG-13,2020,90 min
Show_457,Movie,Sci-Fi & Fantasy,TV-Y,2015,30 min
Show_458,Movie,Sci-Fi & Fantasy,TV-14,1994,60 min
Show_459,Movie,Comedies,R,2009,120 min
Show_460,Movie,"Action, Adventure",TV-Y7,2000,60 min
Show_461,Movie,Children & Family Movies,TV-MA,2022,45 min
Show_462,TV Show,Children & Family Movies,PG-13,2016,60 min
Show_463,Movie,"Dramas, International Movies",PG-13,2004,90 min
Show_464,TV Show,Horror Movies,TV-MA,2021,60 min
Show_465,Movie,Horror Movies,R,2010,45 min
Show_466,Movie,Documentaries,TV-Y7,1994,120 min
Show_467,TV Show,Thrillers,Unknown,1995,30 min
Show_468,Movie,Stand-Up Comedy,TV-MA,2011,60 min
Show_469,TV Show,"Action, Adventure",R,2007,45 min
Show_470,Movie,Romantic Movies,Unknown,2003,45 min
Show_471,TV Show,Stand-Up Comedy,TV-MA,1999,120 min
Show_472,Movie,Unknown,TV-14,2002,90 min
Show_473,TV Show,Sci-Fi & Fantasy,R,2020,60 min
Show_474,Movie,"Dramas, International Movies",TV-PG,2019,45 min
Show_475,TV Show,Children & Family Movies,Unknown,1992,120 min
Show_476,Movie,Documentaries,TV-14,2019,30 min
Show_477,Movie,Horror Movies,TV-MA,1995,45 min
Show_478,TV Show,"Dramas, International Movies",TV-Y,2018,120 min
Show_479,Movie,Sci-Fi & Fantasy,PG,1997,90 min
Show_480,Movie,Romantic Movies,TV-Y,2022,90 min
Show_481,Movie,Documentaries,TV-MA,2006,45 min
Show_482,Movie,Sci-Fi & Fantasy,TV-MA,2000,45 min
Show_483,Movie,Children & Family Movies,Unknown,2002,60 min
Show_484,Movie,Children & Family Movies,R,2000,120 min
Show_485,TV Show,Children & Family Movies,R,2020,45 min
Show_486,Movie,"Dramas, International Movies",TV-14,2017,60 min
Show_487,Movie,"Dramas, International Movies",Unknown,1995,60 min
Show_488,TV Show,Horror Movies,TV-14,2005,45 min
Show_489,TV Show,Horror Movies,PG-13,1993,90 min
Show_490,Movie,Romantic Movies,TV-MA,2015,120 min
Show_491,Movie,Documentaries,TV-Y,2001,120 min
Show_492,Movie,Comedies,PG,2000,90 min
Show_493,Movie,Comedies,TV-MA,2014,45 min
Show_494,Movie,Sci-Fi & Fantasy,TV-MA,2007,120 min
Show_495,Movie,Children & Family Movies,TV-14,2008,45 min
Show_496,Movie,Documentaries,PG,2012,45 min
Show_497,Movie,Stand-Up Comedy,PG,2007,60 min
Show_498,TV Show,"Dramas, International Movies",Unknown,2015,90 min
Show_499,TV Show,Thrillers,TV-14,1995,45 min
Show_500,Movie,"Action, Adventure",TV-MA,1993,30 min
Show_501,Movie,Romantic Movies,TV-14,2018,90 min
Show_502,Movie,Children & Family Movies,R,2006,120 min
Show_503,TV Show,Children & Family Movies,R,2005,60 min
Show_504,Movie,Children & Family Movies,TV-14,1991,120 min
Show_505,Movie,"Dramas, International Movies",PG,1997,120 min
Show_506,TV Show,"Dramas, International Movies",TV-Y7,2002,90 min
Show_507,TV Show,"Action, Adventure",TV-MA,1997,120 min
Show_508,TV Show,Stand-Up Comedy,TV-14,2019,45 min
Show_509,TV Show,Unknown,TV-14,2021,120 min
Show_510,Movie,Children & Family Movies,TV-14,2019,60 min
Show_511,Movie,Comedies,TV-Y7,1990,60 min
Show_512,TV Show,Horror Movies,TV-Y7,2006,30 min
Show_513,TV Show,Comedies,PG-13,2009,60 min
Show_514,Movie,Sci-Fi & Fantasy,R,2013,120 min
Show_515,Movie,Comedies,TV-Y,2011,60 min
Show_516,Movie,Sci-Fi & Fantasy,PG,2018,90 min
Show_517,TV Show,Thrillers,TV-PG,2011,60 min
Show_518,TV Show,Horror Movies,TV-Y7,1998,45 min
Show_519,Movie,Comedies,TV-Y,1999,90 min
Show_520,Movie,Thrillers,TV-Y7,2017,30 min
Show_521,Movie,Romantic Movies,PG,2017,45 min
Show_522,TV Show,Documentaries,TV-PG,2010,120 min
Show_523,TV Show,Thrillers,PG-13,2013,120 min
Show_524,TV Show,Documentaries,TV-14,1991,120 min
Show_525,Movie,Comedies,PG-13,1997,45 min
Show_526,Movie,Stand-Up Comedy,TV-Y7,2016,45 min
Show_527,Movie,Thrillers,PG-13,2011,45 min
Show_528,Movie,Horror Movies,TV-Y,2016,90 min
Show_529,TV Show,Comedies,TV-MA,2018,90 min
Show_530,TV Show,Unknown,TV-Y7,1992,120 min
Show_531,TV Show,"Dramas, International Movies",TV-Y7,2002,60 min
Show_532,TV Show,Thrillers,TV-Y,1999,120 min
Show_533,Movie,Horror Movies,R,1998,30 min
Show_534,TV Show,Romantic Movies,TV-PG,2016,90 min
Show_535,TV Show,Children & Family Movies,TV-14,1990,45 min
Show_536,TV Show,Romantic Movies,TV-Y,2021,90 min
Show_537,Movie,Comedies,TV-PG,2014,45 min
Show_538,Movie,"Dramas, International Movies",PG,2018,30 min
Show_539,Movie,Thrillers,TV-PG,1996,30 min
Show_540,TV Show,Thrillers,PG,1992,90 min
Show_541,Movie,Stand-Up Comedy,TV-Y,2009,45 min
Show_542,Movie,Stand-Up Comedy,TV-Y7,2009,30 min
Show_543,Movie,Comedies,TV-Y7,2019,120 min
Show_544,Movie,Comedies,R,2016,120 min
Show_545,Movie,Unknown,TV-Y,2015,45 min
Show_546,Movie,Stand-Up Comedy,PG,2003,90 min
Show_547,Movie,Horror Movies,TV-PG,2006,30 min
Show_548,Movie,Horror Movies,TV-PG,2007,90 min
Show_549,TV Show,"Dramas, International Movies",PG,2018,120 min
Show_550,Movie,Horror Movies,Unknown,2009,30 min
Show_551,TV Show,Sci-Fi & Fantasy,R,2016,90 min
Show_552,Movie,Documentaries,TV-MA,2007,60 min
Show_553,Movie,"Dramas, International Movies",TV-Y7,1993,45 min
Show_554,TV Show,"Dramas, International Movies",TV-14,1990,45 min
Show_555,Movie,"Action, Adventure",TV-PG,1990,60 min
Show_556,Movie,Children & Family Movies,TV-14,2015,120 min
Show_557,Movie,Children & Family Movies,TV-MA,2009,30 min
Show_558,TV Show,Sci-Fi & Fantasy,TV-Y,2012,45 min
Show_559,Movie,Stand-Up Comedy,TV-14,1999,60 min
Show_560,TV Show,Comedies,TV-MA,2000,60 min
Show_561,Movie,Comedies,TV-Y7,1994,120 min
Show_562,Movie,Romantic Movies,PG,1990,120 min
Show_563,Movie,Sci-Fi & Fantasy,PG-13,2006,90 min
Show_564,Movie,"Dramas, International Movies",TV-Y7,2011,45 min
Show_565,Movie,Sci-Fi & Fantasy,TV-PG,2018,90 min
Show_566,Movie,Sci-Fi & Fantasy,TV-MA,1993,60 min
Show_567,Movie,Sci-Fi & Fantasy,TV-14,1994,30 min
Show_568,TV Show,Children & Family Movies,TV-PG,2000,30 min
Show_569,Movie,Sci-Fi & Fantasy,PG-13,2010,120 min
Show_570,Movie,Documentaries,PG,2001,30 min
Show_571,TV Show,Comedies,TV-Y,2015,30 min
Show_572,Movie,Romantic Movies,TV-PG,2008,30 min
Show_573,Movie,Documentaries,TV-Y,1996,60 min
Show_574,TV Show,Romantic Movies,TV-MA,1996,30 min
Show_575,TV Show,"Action, Adventure",PG-13,2015,30 min
Show_576,Movie,Romantic Movies,TV-14,1994,30 min
Show_577,TV Show,Comedies,PG-13,2010,90 min
Show_578,Movie,Comedies,PG-13,2003,60 min
Show_579,Movie,Sci-Fi & Fantasy,R,1993,120 min
Show_580,Movie,Thrillers,PG-13,2012,90 min
Show_581,TV Show,"Action, Adventure",PG-13,2009,45 min
Show_582,Movie,"Dramas, International Movies",TV-Y7,2004,60 min
Show_583,Movie,Horror Movies,TV-PG,2018,60 min
Show_584,Movie,Romantic Movies,TV-14,1997,45 min
Show_585,Movie,Thrillers,TV-Y7,2008,45 min
Show_586,Movie,Sci-Fi & Fantasy,Unknown,2017,45 min
Show_587,Movie,Children & Family Movies,TV-PG,2016,120 min
Show_588,Movie,"Dramas, International Movies",TV-PG,1993,30 min
Show_589,Movie,Unknown,TV-MA,2004,60 min
Show_590,Movie,Unknown,TV-PG,1990,30 min
Show_591,Movie,Children & Family Movies,Unknown,1992,30 min
Show_592,Movie,"Action, Adventure",R,2013,45 min
Show_593,Movie,Sci-Fi & Fantasy,TV-Y7,2016,120 min
Show_594,TV Show,Unknown,TV-Y,2018,90 min
Show_595,Movie,"Dramas, International Movies",TV-MA,2013,120 min
Show_596,Movie,"Dramas, International Movies",TV-Y,2013,30 min
Show_597,Movie,"Action, Adventure",TV-Y,1993,120 min
Show_598,Movie,Romantic Movies,TV-Y7,1992,45 min
Show_599,Movie,Stand-Up Comedy,PG,2012,90 min
Show_600,Movie,"Action, Adventure",TV-Y7,2012,45 min
Show_601,Movie,Horror Movies,TV-14,1994,90 min
Show_602,Movie,Stand-Up Comedy,TV-14,2020,30 min
Show_603,Movie,Comedies,TV-PG,1995,90 min
Show_604,Movie,Sci-Fi & Fantasy,TV-PG,1999,90 min
Show_605,Movie,"Action, Adventure",PG,1996,90 min
Show_606,Movie,Children & Family Movies,TV-PG,2010,120 min
Show_607,Movie,Stand-Up Comedy,TV-14,2009,120 min
Show_608,Movie,Unknown,TV-Y,1992,30 min
Show_609,Movie,Comedies,TV-Y7,2011,90 min
Show_610,Movie,Romantic Movies,PG-13,1993,60 min
Show_611,TV Show,Children & Family Movies,R,2017,30 min
Show_612,Movie,Stand-Up Comedy,PG-13,2001,90 min
Show_613,Movie,Sci-Fi & Fantasy,PG-13,1994,90 min
Show_614,TV Show,Children & Family Movies,TV-14,2002,120 min
Show_615,TV Show,Comedies,PG-13,2012,30 min
Show_616,Movie,Children & Family Movies,TV-Y7,2019,90 min
Show_617,Movie,Documentaries,PG,2014,90 min
Show_618,TV Show,Thrillers,TV-MA,2016,30 min
Show_619,TV Show,Romantic Movies,TV-PG,2003,60 min
Show_620,Movie,Comedies,TV-MA,2005,30 min
Show_621,Movie,Children & Family Movies,TV-Y,2011,30 min
Show_622,Movie,Thrillers,TV-Y7,2010,60 min
Show_623,Movie,Thrillers,TV-Y7,2010,30 min
Show_624,Movie,Children & Family Movies,R,1997,90 min
Show_625,Movie,Sci-Fi & Fantasy,TV-Y7,2005,30 min
Show_626,Movie,Documentaries,TV-PG,2020,60 min
Show_627,TV Show,"Action, Adventure",TV-Y7,1999,45 min
Show_628,Movie,Documentaries,Unknown,2021,30 min
Show_629,Movie,Children & Family Movies,R,1998,120 min
Show_630,TV Show,Romantic Movies,TV-PG,2006,90 min
Show_631,TV Show,"Action, Adventure",PG,2000,90 min
Show_632,Movie,Comedies,PG,2021,120 min
Show_633,Movie,Documentaries,PG,1999,120 min
Show_634,Movie,Children & Family Movies,PG,2011,30 min
Show_635,Movie,Documentaries,PG-13,2006,120 min
Show_636,Movie,"Action, Adventure",TV-Y7,1993,45 min
Show_637,Movie,Horror Movies,TV-MA,2014,60 min
Show_638,Movie,Stand-Up Comedy,TV-PG,2010,120 min
Show_639,Movie,Documentaries,PG-13,1990,120 min
Show_640,Movie,Comedies,PG,2014,45 min
Show_641,Movie,Unknown,TV-Y,2006,90 min
Show_642,Movie,"Dramas, International Movies",TV-Y7,2013,90 min
Show_643,Movie,Documentaries,TV-MA,1991,30 min
Show_644,Movie,Stand-Up Comedy,TV-Y,2004,45 min
Show_645,TV Show,Sci-Fi & Fantasy,R,2021,60 min
Show_646,Movie,Thrillers,TV-Y,1995,60 min
Show_647,Movie,Unknown,R,1990,45 min
Show_648,TV Show,Unknown,R,2012,60 min
Show_649,Movie,Thrillers,PG,2006,90 min
Show_650,Movie,Horror Movies,R,2018,60 min
Show_651,Movie,"Dramas, International Movies",TV-14,1998,60 min
Show_652,Movie,Stand-Up Comedy,TV-PG,2002,45 min
Show_653,TV Show,Stand-Up Comedy,TV-PG,1995,45 min
Show_654,Movie,Horror Movies,PG,1995,60 min
Show_655,Movie,Documentaries,TV-14,2009,120 min
Show_656,Movie,Documentaries,TV-Y,1992,45 min
Show_657,Movie,Documentaries,PG-13,2006,30 min
Show_658,Movie,Romantic Movies,TV-Y,2001,30 min
Show_659,Movie,Thrillers,TV-Y7,1990,90 min
Show_660,Movie,Romantic Movies,PG-13,2006,60 min
Show_661,TV Show,"Dramas, International Movies",R,1992,120 min
Show_662,Movie,Horror Movies,TV-MA,2015,90 min
Show_663,Movie,Stand-Up Comedy,PG-13,2004,60 min
Show_664,Movie,Thrillers,TV-MA,2021,45 min
Show_665,Movie,Romantic Movies,TV-PG,2021,30 min
Show_666,Movie,Romantic Movies,TV-MA,1993,120 min
Show_667,Movie,Children & Family Movies,TV-PG,2007,30 min
Show_668,Movie,Romantic Movies,TV-14,2008,45 min
Show_669,Movie,Sci-Fi & Fantasy,TV-14,2003,60 min
Show_670,Movie,Stand-Up Comedy,Unknown,2022,45 min
Show_671,TV Show,Sci-Fi & Fantasy,PG,2003,45 min
Show_672,Movie,Stand-Up Comedy,R,1993,30 min
Show_673,Movie,Horror Movies,PG-13,2013,120 min
Show_674,Movie,Stand-Up Comedy,R,2018,45 min
Show_675,TV Show,Sci-Fi & Fantasy,TV-PG,2008,30 min
Show_676,Movie,Unknown,R,1995,120 min
Show_677,Movie,Horror Movies,TV-MA,2022,60 min
Show_678,TV Show,Horror Movies,TV-PG,2008,60 min
Show_679,TV Show,"Dramas, International Movies",PG,1990,90 min
Show_680,TV Show,Stand-Up Comedy,TV-14,1994,30 min
Show_681,Movie,Children & Family Movies,PG,2016,120 min
Show_682,Movie,Documentaries,PG-13,2005,45 min
Show_683,Movie,Comedies,Unknown,1995,60 min
Show_684,TV Show,Horror Movies,TV-PG,2002,120 min
Show_685,Movie,"Action, Adventure",TV-MA,2008,30 min
Show_686,Movie,Documentaries,PG-13,2001,90 min
Show_687,Movie,Thrillers,TV-14,2005,60 min
Show_688,TV Show,Stand-Up Comedy,TV-Y,1999,120 min
Show_689,Movie,Sci-Fi & Fantasy,TV-PG,2014,120 min
Show_690,Movie,Comedies,TV-PG,2009,120 min
Show_691,Movie,"Action, Adventure",TV-MA,2020,30 min
Show_692,Movie,Documentaries,R,1993,30 min
Show_693,Movie,Stand-Up Comedy,TV-Y7,2012,30 min
Show_694,Movie,"Dramas, International Movies",TV-14,1991,45 min
Show_695,Movie,Thrillers,PG,2011,120 min
Show_696,Movie,Comedies,PG-13,1997,60 min
Show_697,Movie,Children & Family Movies,TV-PG,1996,30 min
Show_698,Movie,"Dramas, International Movies",TV-PG,2003,30 min
Show_699,Movie,"Action, Adventure",PG,1992,120 min
Show_700,Movie,Comedies,TV-14,2005,30 min
Show_701,Movie,Unknown,TV-Y7,2008,45 min
Show_702,Movie,Thrillers,R,2007,45 min
Show_703,Movie,Children & Family Movies,TV-PG,2005,30 min
Show_704,Movie,"Dramas, International Movies",TV-Y7,1997,120 min
Show_705,TV Show,Romantic Movies,TV-14,2022,120 min
Show_706,Movie,Unknown,PG,2001,120 min
Show_707,TV Show,"Action, Adventure",TV-MA,2000,90 min
Show_708,Movie,Thrillers,R,1994,30 min
Show_709,Movie,Stand-Up Comedy,PG-13,2016,120 min
Show_710,TV Show,Sci-Fi & Fantasy,TV-PG,2001,45 min
Show_711,Movie,Sci-Fi & Fantasy,TV-14,2006,60 min
Show_712,Movie,Sci-Fi & Fantasy,TV-MA,1995,60 min
Show_713,Movie,Comedies,PG-13,2022,120 min
Show_714,Movie,"Action, Adventure",TV-Y,1994,60 min
Show_715,TV Show,Thrillers,TV-14,2017,60 min
Show_716,TV Show,Children & Family Movies,Unknown,2003,90 min
Show_717,TV Show,Unknown,PG-13,1994,45 min
Show_718,Movie,"Action, Adventure",TV-MA,2022,45 min
Show_719,TV Show,Stand-Up Comedy,TV-Y,2008,90 min
Show_720,TV Show,Romantic Movies,TV-Y7,2011,90 min
Show_721,Movie,Thrillers,TV-Y7,1994,60 min
Show_722,Movie,Sci-Fi & Fantasy,PG,1991,30 min
Show_723,TV Show,"Dramas, International Movies",TV-MA,2019,60 min
Show_724,Movie,Thrillers,R,1993,90 min
Show_725,TV Show,Horror Movies,TV-PG,2022,45 min
Show_726,Movie,"Action, Adventure",PG-13,2002,60 min
Show_727,TV Show,Documentaries,PG,2009,30 min
Show_728,Movie,Stand-Up Comedy,TV-Y,1996,60 min
Show_729,Movie,Romantic Movies,PG-13,2004,120 min
Show_730,Movie,Stand-Up Comedy,PG-13,2012,60 min
Show_731,TV Show,Unknown,TV-MA,2003,90 min
Show_732,Movie,Documentaries,TV-PG,2012,45 min
Show_733,Movie,Horror Movies,R,2008,45 min
Show_734,Movie,Children & Family Movies,TV-Y7,2018,90 min
Show_735,TV Show,"Dramas, International Movies",TV-14,2009,120 min
Show_736,Movie,Documentaries,TV-14,2018,90 min
Show_737,TV Show,"Action, Adventure",PG-13,2013,60 min
Show_738,Movie,Unknown,TV-Y7,2007,90 min
Show_739,Movie,Horror Movies,TV-Y7,1999,90 min
Show_740,Movie,"Dramas, International Movies",TV-PG,1997,120 min
Show_741,Movie,Romantic Movies,TV-Y,2015,60 min
Show_742,TV Show,Unknown,TV-Y,2018,30 min
Show_743,Movie,Thrillers,PG,1999,30 min
Show_744,Movie,Documentaries,TV-MA,2006,45 min
Show_745,TV Show,"Dramas, International Movies",TV-PG,1991,90 min
Show_746,Movie,Comedies,TV-PG,1995,45 min
Show_747,Movie,Children & Family Movies,TV-MA,1994,120 min
Show_748,TV Show,Children & Family Movies,TV-Y7,2017,30 min
Show_749,Movie,Horror Movies,TV-Y,1994,90 min
Show_750,Movie,Romantic Movies,TV-Y,2007,120 min
Show_751,TV Show,Horror Movies,TV-Y7,2015,120 min
Show_752,Movie,Comedies,TV-Y,2009,90 min
Show_753,Movie,"Action, Adventure",PG-13,2016,120 min
Show_754,Movie,Romantic Movies,TV-PG,2001,90 min
Show_755,TV Show,Stand-Up Comedy,TV-14,1996,90 min
Show_756,Movie,"Action, Adventure",TV-MA,1992,60 min
Show_757,Movie,Romantic Movies,TV-Y,1999,45 min
Show_758,TV Show,Romantic Movies,PG,2014,120 min
Show_759,TV Show,Comedies,TV-Y,2005,120 min
Show_760,Movie,Thrillers,TV-Y,1991,60 min
Show_761,Movie,Comedies,R,2013,60 min
Show_762,Movie,Romantic Movies,PG-13,1999,60 min
Show_763,TV Show,"Dramas, International Movies",TV-MA,2011,30 min
Show_764,Movie,"Action, Adventure",R,2015,30 min
Show_765,Movie,Comedies,R,2016,30 min
Show_766,TV Show,Thrillers,PG,2018,90 min
Show_767,TV Show,Documentaries,TV-PG,2009,120 min
Show_768,Movie,Horror Movies,PG,2016,45 min
Show_769,TV Show,Romantic Movies,TV-PG,2009,90 min
Show_770,Movie,Stand-Up Comedy,TV-PG,2008,120 min
Show_771,TV Show,Documentaries,TV-MA,2009,120 min
Show_772,Movie,Children & Family Movies,TV-Y,1991,60 min
Show_773,Movie,Sci-Fi & Fantasy,TV-MA,2019,60 min
Show_774,TV Show,Thrillers,PG-13,2011,90 min
Show_775,Movie,Stand-Up Comedy,TV-PG,1992,60 min
Show_776,Movie,Sci-Fi & Fantasy,R,1995,120 min
Show_777,TV Show,Thrillers,TV-Y,2004,60 min
Show_778,TV Show,"Dramas, International Movies",TV-14,2016,30 min
Show_779,Movie,Horror Movies,PG-13,1999,60 min
Show_780,Movie,Documentaries,TV-MA,1998,120 min
Show_781,Movie,"Action, Adventure",PG,2022,90 min
Show_782,Movie,Thrillers,PG-13,2021,45 min
Show_783,Movie,"Action, Adventure",PG-13,1995,60 min
Show_784,Movie,Horror Movies,TV-Y,1991,120 min
Show_785,TV Show,Romantic Movies,PG-13,2018,45 min
Show_786,Movie,Children & Family Movies,PG-13,1993,45 min
Show_787,Movie,Documentaries,TV-14,1990,30 min
Show_788,Movie,Horror Movies,TV-Y7,2008,45 min
Show_789,TV Show,Horror Movies,PG,2015,120 min
Show_790,Movie,"Dramas, International Movies",PG,2014,120 min
Show_791,Movie,Sci-Fi & Fantasy,PG,1999,60 min
Show_792,Movie,Children & Family Movies,TV-PG,2004,60 min
Show_793,Movie,Documentaries,R,2011,60 min
Show_794,Movie,Romantic Movies,TV-Y7,2010,45 min
Show_795,TV Show,Romantic Movies,PG,2011,45 min
Show_796,TV Show,Comedies,PG-13,2019,30 min
Show_797,Movie,Horror Movies,PG-13,2014,60 min
Show_798,Movie,Thrillers,PG,2017,90 min
Show_799,TV Show,"Dramas, International Movies",TV-Y,1990,30 min
Show_800,TV Show,Children & Family Movies,PG,1993,90 min
Show_801,Movie,Romantic Movies,PG-13,1996,45 min
Show_802,Movie,Documentaries,Unknown,1998,30 min
Show_803,Movie,Comedies,TV-MA,2008,30 min
Show_804,Movie,Documentaries,TV-MA,1990,120 min
Show_805,TV Show,"Dramas, International Movies",TV-Y7,1999,45 min
Show_806,TV Show,Thrillers,TV-Y7,1998,45 min
Show_807,TV Show,Comedies,Unknown,2021,30 min
Show_808,Movie,Comedies,TV-14,2021,45 min
Show_809,Movie,Sci-Fi & Fantasy,PG,1995,30 min
Show_810,TV Show,Children & Family Movies,TV-Y,2006,120 min
Show_811,TV Show,Comedies,PG,1999,30 min
Show_812,Movie,Sci-Fi & Fantasy,TV-Y7,2016,45 min
Show_813,TV Show,Sci-Fi & Fantasy,TV-MA,2010,45 min
Show_814,TV Show,"Dramas, International Movies",PG-13,2014,30 min
Show_815,Movie,"Action, Adventure",Unknown,2017,30 min
Show_816,Movie,Documentaries,PG-13,2004,30 min
Show_817,Movie,Thrillers,PG-13,1993,60 min
Show_818,Movie,Stand-Up Comedy,TV-14,2018,45 min
Show_819,Movie,Documentaries,PG-13,1998,45 min
Show_820,TV Show,Comedies,TV-MA,2016,60 min
Show_821,Movie,Unknown,TV-PG,2015,30 min
Show_822,Movie,Romantic Movies,TV-PG,2008,120 min
Show_823,Movie,"Action, Adventure",R,2017,30 min
Show_824,Movie,Romantic Movies,TV-Y,2006,30 min
Show_825,TV Show,Romantic Movies,PG,2009,60 min
Show_826,Movie,Children & Family Movies,TV-Y,2012,45 min
Show_827,Movie,Documentaries,TV-MA,2021,30 min
Show_828,TV Show,Stand-Up Comedy,PG-13,2022,45 min
Show_829,Movie,"Dramas, International Movies",TV-PG,1994,90 min
Show_830,Movie,Stand-Up Comedy,TV-Y,2000,45 min
Show_831,Movie,Romantic Movies,TV-MA,1992,120 min
Show_832,Movie,Comedies,TV-PG,2022,120 min
Show_833,Movie,"Action, Adventure",PG-13,2000,30 min
Show_834,Movie,Horror Movies,TV-Y,2005,45 min
Show_835,Movie,Unknown,TV-PG,2007,30 min
Show_836,TV Show,Romantic Movies,PG,2019,60 min
Show_837,Movie,Unknown,TV-Y7,1999,120 min
Show_838,Movie,Thrillers,PG,2007,30 min
Show_839,Movie,Documentaries,R,2008,60 min
Show_840,Movie,Sci-Fi & Fantasy,R,2002,30 min
Show_841,Movie,Children & Family Movies,TV-PG,1992,45 min
Show_842,Movie,"Action, Adventure",TV-Y7,1999,45 min
Show_843,TV Show,Comedies,TV-MA,1990,45 min
Show_844,Movie,Comedies,PG,2016,45 min
Show_845,Movie,"Action, Adventure",TV-MA,1997,90 min
Show_846,Movie,Comedies,TV-Y7,2006,60 min
Show_847,TV Show,Documentaries,TV-MA,1998,60 min
Show_848,Movie,Comedies,TV-Y7,1995,45 min
Show_849,Movie,Stand-Up Comedy,TV-PG,2014,90 min
Show_850,Movie,Sci-Fi & Fantasy,TV-MA,2017,45 min
Show_851,TV Show,Comedies,PG,2022,90 min
Show_852,Movie,Sci-Fi & Fantasy,PG-13,1998,45 min
Show_853,TV Show,Romantic Movies,R,2007,120 min
Show_854,Movie,"Dramas, International Movies",PG-13,2010,120 min
Show_855,Movie,Documentaries,TV-MA,1991,30 min
Show_856,Movie,"Dramas, International Movies",PG-13,2004,45 min
Show_857,Movie,Romantic Movies,PG,2017,60 min
Show_858,Movie,Documentaries,PG,2007,30 min
Show_859,Movie,"Action, Adventure",TV-MA,2011,120 min
Show_860,TV Show,"Action, Adventure",TV-PG,2000,45 min
Show_861,Movie,Unknown,PG-13,2002,30 min
Show_862,Movie,Romantic Movies,TV-PG,1993,45 min
Show_863,Movie,Sci-Fi & Fantasy,TV-PG,2011,120 min
Show_864,Movie,Children & Family Movies,TV-Y7,1996,30 min
Show_865,Movie,Comedies,TV-14,2013,120 min
Show_866,Movie,Horror Movies,Unknown,1993,90 min
Show_867,Movie,Children & Family Movies,R,2017,120 min
Show_868,TV Show,Comedies,PG,2004,45 min
Show_869,TV Show,Documentaries,PG,1990,60 min
Show_870,Movie,Sci-Fi & Fantasy,TV-MA,1992,120 min
Show_871,Movie,Documentaries,TV-Y7,2003,60 min
Show_872,Movie,Documentaries,TV-Y,1990,90 min
Show_873,Movie,Comedies,TV-Y,2010,30 min
Show_874,Movie,Romantic Movies,TV-Y,2018,30 min
Show_875,Movie,Comedies,TV-Y7,1994,60 min
Show_876,TV Show,Thrillers,R,1999,30 min
Show_877,Movie,"Action, Adventure",PG,2017,120 min
Show_878,Movie,"Action, Adventure",TV-MA,2010,60 min
Show_879,Movie,Children & Family Movies,TV-Y7,1996,45 min
Show_880,Movie,"Action, Adventure",PG,1992,120 min
Show_881,Movie,Comedies,TV-PG,2009,120 min
Show_882,Movie,Unknown,PG-13,2008,120 min
Show_883,Movie,Sci-Fi & Fantasy,PG-13,1993,45 min
Show_884,TV Show,Comedies,TV-Y7,1994,90 min
Show_885,Movie,Comedies,PG,1990,30 min
Show_886,Movie,Horror Movies,TV-14,1993,60 min
Show_887,Movie,Sci-Fi & Fantasy,R,2001,90 min
Show_888,Movie,Thrillers,TV-Y,2016,60 min
Show_889,Movie,"Action, Adventure",R,2012,30 min
Show_890,TV Show,Sci-Fi & Fantasy,R,2014,45 min
Show_891,TV Show,"Action, Adventure",TV-Y7,2010,120 min
Show_892,TV Show,Children & Family Movies,TV-PG,2013,120 min
Show_893,Movie,Sci-Fi & Fantasy,R,2014,45 min
Show_894,Movie,"Action, Adventure",PG-13,2021,90 min
Show_895,Movie,Thrillers,TV-PG,2021,90 min
Show_896,Movie,"Dramas, International Movies",TV-MA,1994,60 min
Show_897,TV Show,Documentaries,R,2005,45 min
Show_898,Movie,Documentaries,R,2022,90 min
Show_899,Movie,Thrillers,TV-MA,2010,45 min
Show_900,Movie,Horror Movies,R,1998,30 min
Show_901,Movie,"Dramas, International Movies",TV-MA,1995,120 min
Show_902,Movie,Children & Family Movies,TV-PG,2011,120 min
Show_903,Movie,Thrillers,PG-13,1994,120 min
Show_904,Movie,Documentaries,TV-MA,2012,45 min
Show_905,TV Show,Documentaries,Unknown,2006,45 min
Show_906,TV Show,Documentaries,TV-Y7,2001,60 min
Show_907,Movie,Romantic Movies,TV-Y7,2012,120 min
Show_908,Movie,Thrillers,TV-MA,2005,60 min
Show_909,Movie,Comedies,TV-Y7,1992,120 min
Show_910,Movie,Children & Family Movies,R,2019,60 min
Show_911,Movie,Documentaries,TV-Y,2011,60 min
Show_912,Movie,"Action, Adventure",TV-Y,1998,30 min
Show_913,Movie,Thrillers,TV-Y7,2018,60 min
Show_914,Movie,Romantic Movies,TV-PG,2012,45 min
Show_915,Movie,Thrillers,PG,2002,60 min
Show_916,Movie,Children & Family Movies,TV-PG,2021,120 min
Show_917,TV Show,Romantic Movies,PG,2012,60 min
Show_918,TV Show,Children & Family Movies,TV-Y,2006,90 min
Show_919,Movie,Unknown,TV-Y,2010,120 min
Show_920,TV Show,Comedies,TV-MA,1991,90 min
Show_921,Movie,Children & Family Movies,Unknown,1995,120 min
Show_922,TV Show,Romantic Movies,TV-14,2007,45 min
Show_923,TV Show,Romantic Movies,TV-PG,2019,45 min
Show_924,Movie,Children & Family Movies,R,2011,45 min
Show_925,Movie,Stand-Up Comedy,PG,2022,90 min
Show_926,Movie,Thrillers,TV-Y7,2019,30 min
Show_927,Movie,Stand-Up Comedy,Unknown,2006,120 min
Show_928,Movie,Unknown,PG-13,2021,45 min
Show_929,Movie,Thrillers,PG,2003,120 min
Show_930,Movie,Children & Family Movies,TV-PG,1999,90 min
Show_931,TV Show,"Dramas, International Movies",TV-MA,1998,30 min
Show_932,TV Show,Children & Family Movies,R,2017,90 min
Show_933,Movie,Stand-Up Comedy,PG-13,2000,120 min
Show_934,Movie,Comedies,TV-PG,2003,30 min
Show_935,Movie,Children & Family Movies,TV-Y,2008,30 min
Show_936,Movie,Children & Family Movies,TV-Y,2004,90 min
Show_937,TV Show,Comedies,TV-PG,2017,45 min
Show_938,Movie,Children & Family Movies,TV-PG,2013,120 min
Show_939,Movie,Documentaries,TV-PG,1997,60 min
Show_940,Movie,"Dramas, International Movies",PG,1998,60 min
Show_941,Movie,"Action, Adventure",TV-PG,2022,90 min
Show_942,Movie,"Dramas, International Movies",R,2022,120 min
Show_943,TV Show,Children & Family Movies,PG-13,2008,120 min
Show_944,Movie,Documentaries,Unknown,1992,90 min
Show_945,Movie,Thrillers,TV-PG,1999,120 min
Show_946,Movie,Children & Family Movies,TV-14,1990,45 min
Show_947,TV Show,Stand-Up Comedy,TV-Y7,2018,90 min
Show_948,TV Show,Documentaries,TV-14,2002,45 min
Show_949,Movie,Comedies,PG-13,1990,120 min
Show_950,Movie,Documentaries,TV-Y,2018,90 min
Show_951,Movie,Comedies,TV-MA,2002,120 min
Show_952,Movie,Horror Movies,TV-MA,2018,90 min
Show_953,TV Show,"Action, Adventure",TV-Y7,2013,120 min
Show_954,Movie,Sci-Fi & Fantasy,TV-Y,2015,45 min
Show_955,Movie,Documentaries,Unknown,2006,45 min
Show_956,Movie,Romantic Movies,PG,1996,120 min
Show_957,Movie,Stand-Up Comedy,Unknown,2002,90 min
Show_958,Movie,Children & Family Movies,TV-MA,1994,60 min
Show_959,TV Show,Stand-Up Comedy,TV-14,2015,45 min
Show_960,Movie,"Dramas, International Movies",TV-MA,1992,45 min
Show_961,Movie,Sci-Fi & Fantasy,R,1996,60 min
Show_962,Movie,"Dramas, International Movies",TV-PG,1990,120 min
Show_963,Movie,Horror Movies,PG,2006,90 min
Show_964,Movie,Sci-Fi & Fantasy,TV-14,2014,120 min
Show_965,Movie,Sci-Fi & Fantasy,PG-13,1992,30 min
Show_966,TV Show,Unknown,TV-Y7,2004,45 min
Show_967,Movie,Comedies,PG-13,2018,30 min
Show_968,Movie,"Dramas, International Movies",TV-PG,2021,45 min
Show_969,Movie,Stand-Up Comedy,TV-14,2015,45 min
Show_970,Movie,Unknown,TV-MA,2005,30 min
Show_971,TV Show,Stand-Up Comedy,TV-MA,2014,30 min
Show_972,TV Show,Horror Movies,R,2017,120 min
Show_973,Movie,Children & Family Movies,R,1998,30 min
Show_974,Movie,Thrillers,TV-MA,1990,120 min
Show_975,Movie,Comedies,PG-13,2018,120 min
Show_976,Movie,Horror Movies,Unknown,2011,120 min
Show_977,Movie,Romantic Movies,PG,2005,45 min
Show_978,Movie,Horror Movies,PG-13,1996,45 min
Show_979,Movie,"Dramas, International Movies",TV-Y7,2003,30 min
Show_980,Movie,"Dramas, International Movies",Unknown,2018,45 min
Show_981,TV Show,Thrillers,TV-PG,2008,30 min
Show_982,Movie,Horror Movies,Unknown,2008,45 min
Show_983,Movie,"Action, Adventure",TV-MA,1991,90 min
Show_984,TV Show,Children & Family Movies,R,2004,90 min
Show_985,Movie,"Dramas, International Movies",R,1992,30 min
Show_986,Movie,Thrillers,PG,2000,45 min
Show_987,Movie,Children & Family Movies,TV-MA,2019,45 min
Show_988,Movie,Horror Movies,PG,2007,120 min
Show_989,TV Show,Horror Movies,TV-MA,1991,60 min
Show_990,TV Show,Sci-Fi & Fantasy,PG,2021,30 min
Show_991,Movie,Thrillers,TV-Y7,1997,60 min
Show_992,Movie,"Dramas, International Movies",PG-13,2011,60 min
Show_993,Movie,"Action, Adventure",TV-PG,1995,30 min
Show_994,Movie,Horror Movies,TV-PG,2001,45 min
Show_995,Movie,"Action, Adventure",TV-MA,2004,30 min
Show_996,TV Show,Horror Movies,TV-14,2017,60 min
Show_997,Movie,"Dramas, International Movies",TV-Y,2007,45 min
Show_998,TV Show,Children & Family Movies,R,1991,90 min
Show_999,Movie,Documentaries,R,2002,30 min
